Metric,Value
MAE,2.4814086297062876
MSE,12.76015005756071
R2,0.9539813740670289
